Model,Feature,Importance
Linear Regression,total_outstanding_orders,11.697640395509117
Linear Regression,total_onshift_dashers,5.853149965524975
Linear Regression,estimated_store_to_consumer_driving_duration,1.0600314568037394
Linear Regression,total_busy_dashers,0.8067272161695591
Linear Regression,subtotal,0.4069025910474953
Linear Regression,estimated_order_place_duration,0.20181226566357915
Linear Regression,order_hour,0.18411061922427172
Linear Regression,order_protocol_5.0,0.09806607259297569
Linear Regression,market_id_1.0,0.09151951979127541
Linear Regression,order_protocol_1.0,0.08117934499401436
Linear Regression,order_protocol_3.0,0.05441375996472549
Linear Regression,order_protocol_4.0,0.03798622228960902
Linear Regression,num_distinct_items,0.035835194523071344
Linear Regression,order_dayofweek_0,0.034815399801186565
Linear Regression,store_primary_category_fast,0.027167424764886167
Linear Regression,order_dayofweek_2,0.027046870772493865
Linear Regression,market_id_4.0,0.02313877954975278
Linear Regression,market_id_2.0,0.022574162256140323
Linear Regression,store_primary_category_pizza,0.02024081818887898
Linear Regression,store_primary_category_salad,0.016134214405798986
Linear Regression,order_protocol_6.0,0.012341264911290395
Linear Regression,store_primary_category_japanese,0.008724300400547946
Linear Regression,max_item_price,0.0073476095644539425
Linear Regression,store_primary_category_mexican,0.006978517867849495
Linear Regression,store_primary_category_dessert,0.006819877180978651
Linear Regression,market_id_5.0,0.0059921313915201795
Linear Regression,order_weekend,0.005480094514268193
Linear Regression,store_primary_category_bubble-tea,0.0049979576670976895
Linear Regression,store_primary_category_barbecue,0.0036473538500594316
Linear Regression,order_protocol_2.0,0.0035539712618432398
Linear Regression,store_primary_category_nepalese,0.003269297824733286
Linear Regression,store_primary_category_indian,0.002889114652660396
Linear Regression,store_primary_category_persian,0.0026531621873620756
Linear Regression,store_primary_category_brazilian,0.0024728645523192463
Linear Regression,store_primary_category_middle-eastern,0.0024042031852028836
Linear Regression,store_primary_category_chinese,0.0023335551877098717
Linear Regression,store_primary_category_french,0.0021086537605577624
Linear Regression,store_primary_category_tapas,0.0019695107077447225
Linear Regression,order_dayofweek_4,0.0019550967416262686
Linear Regression,store_primary_category_breakfast,0.0015684198160551925
Linear Regression,order_dayofweek_6,0.0013751476298562437
Linear Regression,store_primary_category_southern,0.0009628168536064408
Linear Regression,store_primary_category_smoothie,0.0009408198070529986
Linear Regression,store_primary_category_vietnamese,0.0007996581710306335
Linear Regression,order_dayofweek_5,0.0007836898708362128
Linear Regression,store_primary_category_caribbean,0.00075559297668093
Linear Regression,store_primary_category_pakistani,0.0006331533366411198
Linear Regression,store_primary_category_cheese,0.0006172527000233666
Linear Regression,store_primary_category_turkish,0.0005856135466668633
Linear Regression,store_primary_category_russian,0.0005843082233862873
Linear Regression,store_primary_category_moroccan,0.0005843071623961767
Linear Regression,store_primary_category_singaporean,0.0004548876058443341
Linear Regression,store_primary_category_burmese,0.0003823151870996355
Linear Regression,store_primary_category_alcohol,0.00036565445923327405
Linear Regression,average_quantity_per_item,0.0002687880115950965
Linear Regression,store_primary_category_korean,0.00026358288470736585
Linear Regression,market_id_3.0,0.00022786082103346908
Linear Regression,store_primary_category_german,0.00020082959436014866
Linear Regression,store_primary_category_convenience-store,0.000166242377903932
Linear Regression,order_dayofweek_3,0.00013890967380980612
Linear Regression,store_primary_category_malaysian,0.00013023659729209194
Linear Regression,order_dayofweek_1,9.710124563492666e-05
Linear Regression,store_primary_category_seafood,9.685829080000967e-05
Linear Regression,store_primary_category_hawaiian,9.408100867306739e-05
Linear Regression,store_primary_category_argentine,8.854595452234548e-05
Linear Regression,store_primary_category_steak,8.634766577901114e-05
Linear Regression,store_primary_category_peruvian,8.157571155228045e-05
Linear Regression,store_primary_category_irish,6.724446453828155e-05
Linear Regression,store_primary_category_vegan,6.51904893344361e-05
Linear Regression,store_primary_category_filipino,6.391336527282003e-05
Linear Regression,store_primary_category_afghan,5.6659284656035425e-05
Linear Regression,store_primary_category_comfort-food,5.16235184147007e-05
Linear Regression,store_primary_category_greek,4.5894150661733114e-05
Linear Regression,store_primary_category_other,4.3704172724072045e-05
Linear Regression,store_primary_category_kosher,3.7669464912089744e-05
Linear Regression,market_id_6.0,3.3561263432938894e-05
Linear Regression,min_item_price,3.263577143286511e-05
Linear Regression,store_primary_category_latin-american,3.228657193214227e-05
Linear Regression,store_primary_category_chocolate,0.0
Linear Regression,store_primary_category_alcohol-plus-food,0.0
Linear Regression,store_primary_category_belgian,0.0
Linear Regression,order_protocol_7.0,-1.7763568394002505e-15
Linear Regression,store_primary_category_catering,-7.5323936587305225e-06
Linear Regression,store_primary_category_lebanese,-1.312237013687915e-05
Linear Regression,store_primary_category_asian,-2.0284163272895246e-05
Linear Regression,store_primary_category_pasta,-2.2003488455861014e-05
Linear Regression,store_primary_category_african,-5.5476332984601605e-05
Linear Regression,store_primary_category_burger,-6.997891609472617e-05
Linear Regression,store_primary_category_soup,-7.058374604973494e-05
Linear Regression,store_primary_category_european,-0.0001039024386108404
Linear Regression,store_primary_category_ethiopian,-0.0001077010504607993
Linear Regression,store_primary_category_british,-0.0001134225991243909
Linear Regression,store_primary_category_american,-0.00013425469372189505
Linear Regression,store_primary_category_italian,-0.00015056605079522
Linear Regression,store_primary_category_dim-sum,-0.00015504169791332364
Linear Regression,store_primary_category_sushi,-0.00018732468151405612
Linear Regression,store_primary_category_spanish,-0.00018755336995646132
Linear Regression,store_primary_category_gluten-free,-0.00028785286424160006
Linear Regression,store_primary_category_gastropub,-0.00029370792902128073
Linear Regression,total_items,-0.00030742214110842286
Linear Regression,store_primary_category_thai,-0.0003695359013627571
Linear Regression,store_primary_category_vegetarian,-0.0003755551135184258
Linear Regression,store_primary_category_mediterranean,-0.0003890337873340144
Linear Regression,store_primary_category_cajun,-0.0005485020101018515
Linear Regression,store_primary_category_cafe,-0.0006178252934094056
Linear Regression,store_primary_category_sandwich,-0.0009687432877552027
XGBoost,total_outstanding_orders,8.77817771581056
XGBoost,total_onshift_dashers,5.529071487097119
XGBoost,estimated_store_to_consumer_driving_duration,1.1261152688382765
XGBoost,total_busy_dashers,1.09333439552133
XGBoost,order_hour,0.9586469965744975
XGBoost,subtotal,0.46626492423603
XGBoost,estimated_order_place_duration,0.23253772676872408
XGBoost,order_protocol_4.0,0.17473979709436507
XGBoost,max_item_price,0.14576364568933364
XGBoost,min_item_price,0.11028263249594221
XGBoost,market_id_1.0,0.09468695728498784
XGBoost,order_weekend,0.08746793685085308
XGBoost,order_dayofweek_0,0.07791696906768723
XGBoost,order_protocol_1.0,0.05682555666267497
XGBoost,market_id_3.0,0.049218442886580505
XGBoost,store_primary_category_pizza,0.04299089925215801
XGBoost,num_distinct_items,0.04239454302362233
XGBoost,order_protocol_5.0,0.033916608457540555
XGBoost,market_id_4.0,0.03354163734833904
XGBoost,store_primary_category_dessert,0.032399059915620164
XGBoost,total_items,0.028920320263065236
XGBoost,store_primary_category_salad,0.02468096333860359
XGBoost,order_protocol_3.0,0.02279370725700384
XGBoost,market_id_2.0,0.020441722128939688
XGBoost,order_dayofweek_5,0.018428613095213226
XGBoost,market_id_5.0,0.017483849007075374
XGBoost,order_dayofweek_2,0.016881041481179675
XGBoost,order_dayofweek_3,0.016056837214583435
XGBoost,store_primary_category_fast,0.015876041819751663
XGBoost,store_primary_category_mediterranean,0.014318944461826058
XGBoost,order_protocol_2.0,0.012898392383705234
XGBoost,store_primary_category_japanese,0.012349210114361261
XGBoost,store_primary_category_mexican,0.010835738910662585
XGBoost,order_dayofweek_4,0.010536128301564437
XGBoost,order_protocol_6.0,0.009558643339197204
XGBoost,store_primary_category_chinese,0.008755504010746762
XGBoost,store_primary_category_american,0.0077844443165145565
XGBoost,store_primary_category_vietnamese,0.006405829509437429
XGBoost,store_primary_category_barbecue,0.005827516625605729
XGBoost,store_primary_category_catering,0.005517984298780476
XGBoost,order_dayofweek_6,0.005398712250225183
XGBoost,order_dayofweek_1,0.0045078886755819765
XGBoost,store_primary_category_bubble-tea,0.00436717362891829
XGBoost,store_primary_category_other,0.004289959099249785
XGBoost,store_primary_category_indian,0.004268480936567916
XGBoost,store_primary_category_persian,0.003944159825694626
XGBoost,store_primary_category_steak,0.0030096104742346106
XGBoost,store_primary_category_korean,0.002871197811034657
XGBoost,store_primary_category_alcohol,0.0027577058259928102
XGBoost,store_primary_category_italian,0.0023409464095482946
XGBoost,store_primary_category_thai,0.0020029675781945144
XGBoost,store_primary_category_sushi,0.0015532916809798774
XGBoost,store_primary_category_afghan,0.0012840427551742788
XGBoost,store_primary_category_seafood,0.0012076979533350851
XGBoost,store_primary_category_vegetarian,0.0011235368303541549
XGBoost,store_primary_category_burger,0.0010855861098040265
XGBoost,store_primary_category_nepalese,0.0009889041141809922
XGBoost,store_primary_category_pasta,0.0008444504660681437
XGBoost,store_primary_category_asian,0.0008044351651440943
XGBoost,store_primary_category_burmese,0.0007822758938000144
XGBoost,average_quantity_per_item,0.0006866395580396775
XGBoost,store_primary_category_middle-eastern,0.0006174195973643511
XGBoost,store_primary_category_french,0.000410802325782574
XGBoost,store_primary_category_latin-american,0.0003607062854111831
XGBoost,store_primary_category_gastropub,0.00034429231795189236
XGBoost,store_primary_category_caribbean,0.00031489915054135526
XGBoost,store_primary_category_russian,0.00028214604964974893
XGBoost,store_primary_category_british,0.00022856736775977993
XGBoost,store_primary_category_cajun,0.00019190494369070166
XGBoost,store_primary_category_dim-sum,0.0001889373160578837
XGBoost,store_primary_category_pakistani,0.000125944162403376
XGBoost,store_primary_category_peruvian,0.00010925838929824276
XGBoost,store_primary_category_vegan,7.78313622458171e-05
XGBoost,store_primary_category_malaysian,7.774261803028537e-05
XGBoost,store_primary_category_moroccan,6.655876098567622e-05
XGBoost,store_primary_category_tapas,4.26719382193852e-05
XGBoost,store_primary_category_turkish,2.377054926050448e-05
XGBoost,store_primary_category_comfort-food,7.261034492482092e-06
XGBoost,store_primary_category_german,0.0
XGBoost,store_primary_category_chocolate,0.0
XGBoost,order_protocol_7.0,0.0
XGBoost,store_primary_category_alcohol-plus-food,0.0
XGBoost,store_primary_category_african,0.0
XGBoost,store_primary_category_belgian,0.0
XGBoost,store_primary_category_ethiopian,0.0
XGBoost,store_primary_category_singaporean,0.0
XGBoost,store_primary_category_irish,0.0
XGBoost,store_primary_category_european,0.0
XGBoost,store_primary_category_soup,-1.880682760635466e-05
XGBoost,store_primary_category_cheese,-4.309700479036375e-05
XGBoost,store_primary_category_sandwich,-5.1883202196734146e-05
XGBoost,store_primary_category_convenience-store,-0.00011091333565834323
XGBoost,store_primary_category_spanish,-0.0001243176902091155
XGBoost,store_primary_category_lebanese,-0.00016384074225683776
XGBoost,store_primary_category_southern,-0.00022159055608561573
XGBoost,store_primary_category_argentine,-0.00022340744916427013
XGBoost,store_primary_category_kosher,-0.00023651861809229993
XGBoost,store_primary_category_gluten-free,-0.00027377711333128235
XGBoost,market_id_6.0,-0.0002855852915194153
XGBoost,store_primary_category_hawaiian,-0.00029160977459063986
XGBoost,store_primary_category_breakfast,-0.00047324118226773254
XGBoost,store_primary_category_filipino,-0.000561616848572181
XGBoost,store_primary_category_brazilian,-0.0007212626328065852
XGBoost,store_primary_category_greek,-0.0007479658434922006
XGBoost,store_primary_category_smoothie,-0.0010529702644917667
XGBoost,store_primary_category_cafe,-0.0015296859330184986
